<?xml version="1.0" encoding="UTF-8"?> 
<java version="1.5.0_05" class="java.beans.XMLDecoder"> 
 <object class="psidev.psi.mi.filemakers.xmlFlattener.mapping.TreeMapping"> 
  <void property="expendChoices"> 
   <void method="add"> 
    <string>0.3.4.0.5.0</string> 
   </void> 
  </void> 
  <void property="lineNode"> 
   <string>0.3.4.0</string> 
  </void> 
  <void property="schemaURL"> 
   <string>/C:/Documents and Settings/alnotcheol/Documenti/workspace/psi-tools/xmlMakerFlattener/data/MIF25.xsd</string> 
  </void> 
  <void property="selections"> 
   <void method="add"> 
    <string>0.3.4.0.5.1.1.0</string> 
   </void> 
  </void> 
 </object> 
</java> 
